{
  "oldParams": true,
  "wave_type": 0,
  "p_env_attack": 0.011786079766797089,
  "p_env_sustain": 0.4468940134270477,
  "p_env_punch": 0.10827243017700613,
  "p_env_decay": -0.3220283414077083,
  "p_base_freq": 0.15,
  "p_freq_limit": 0,
  "p_freq_ramp": 0.0003905725322471099,
  "p_freq_dramp": -0.11509522748642265,
  "p_vib_strength": 0.19217631426984869,
  "p_vib_speed": -0.3148776050852189,
  "p_arp_mod": 0.9189398988139796,
  "p_arp_speed": -0.4826058236963251,
  "p_duty": 0.5261821504429836,
  "p_duty_ramp": -0.5518751370272307,
  "p_repeat_speed": 0.3171679409726762,
  "p_pha_offset": 0.000013737831293324798,
  "p_pha_ramp": 0.06280335284704,
  "p_lpf_freq": 0.9063791594975765,
  "p_lpf_ramp": -0.22388192771278928,
  "p_lpf_resonance": -0.5310774795125801,
  "p_hpf_freq": 0.005739052694041214,
  "p_hpf_ramp": 0.16798197472151952,
  "sound_vol": 0.25,
  "sample_rate": 44100,
  "sample_size": 8
}
