{
  "oldParams": true,
  "wave_type": 0,
  "p_env_attack": 0.29173459689583975,
  "p_env_sustain": 0.499,
  "p_env_punch": 0.17535546204240415,
  "p_env_decay": -0.5198054286781872,
  "p_base_freq": 0.06540883891761634,
  "p_freq_limit": 0,
  "p_freq_ramp": 0.00012170242099617166,
  "p_freq_dramp": 0.029488305038319135,
  "p_vib_strength": -0.7351032720030072,
  "p_vib_speed": -0.9362567404488087,
  "p_arp_mod": 0.9201038901667609,
  "p_arp_speed": 0.102,
  "p_duty": 0.8551208506268722,
  "p_duty_ramp": -0.09710195789679041,
  "p_repeat_speed": 1,
  "p_pha_offset": -0.0019376369665990527,
  "p_pha_ramp": -0.06130012720514841,
  "p_lpf_freq": 0.602654930879966,
  "p_lpf_ramp": 0.48284882354272574,
  "p_lpf_resonance": -0.9511987695580943,
  "p_hpf_freq": 0.020548818292873465,
  "p_hpf_ramp": -0.00029599248088042735,
  "sound_vol": 0.25,
  "sample_rate": 44100,
  "sample_size": 8
}
